NODE,EIGEN,MOD,DEGREE
YouTube,1,186,976
realDonaldTrump,0.20410734,1,198
DrJudyAMikovits,0.06137047,68,60
Real_DARGI,0,29,0
IngrahamAngle,0.041017311,68,40
POTUS,0.028639553,117,28
Deals4uBest,0,63,0
AkiraChanArts,0.025571029,4,25
99freemind,0.023629011,64,23
seanhannity,0.023629011,68,23
BeverlyTymchuk,0.001022841,64,1
JaneenLongwort1,0,117,0
Charlotte3003G,0.017689364,92,13
GavinNewsom,0.021479665,29,21
HStandingbear18,0,186,0
JohnMappin,0.015029014,13,12
kjhare9,0,104,0
Pat_Potvin,0,64,0
JackNationalist,0,64,0
Banjomarla,0.014085627,92,11
that_pepe,0,35,0
LisaMei62,0.0173883,89,17
cravecreative,0.017491964,64,17
CC_CRF,0.017491964,64,17
ActforCanada,0.017491964,64,17
MaximeBernier,0.017491964,64,17
MarkFriesen08,0.017491964,64,17
MarkParalovos,0.017491964,64,17
patton6966,0.017491964,64,17
BillyJoyce1976,0.017491964,64,17
BillTufts,0.017491964,64,17
peoplespca,0.017491964,64,17
FaithGoldy,0.017491964,64,17
Derek_FacT,0.017491964,64,17
bimvision,0.017491964,64,17
DTOMnews,0,1,0
Truthforall4,0.002263764,155,2
DisclosureL,0,155,0
Grace4we,0,83,0
gatewaypundit,0.014319776,155,14
areveline,0,64,0
Qanuck4truth,0,64,0
JoeBiden,0.014537858,1,14
Inevitable_ET,0.014319776,42,14
_Simona_F,0,104,0
TIAWANAS,0,64,0
LilyBlue_22,0,186,0
FredFredderson1,0,64,0
Ddobbie2,0,64,0
Druid999S,0,64,0
CanadianPaprika,0,64,0
fanfan21,0,64,0
dapapabear420,0,64,0
ValSenJ,0,64,0
hopdiggs,0,64,0
canucker9,0,64,0
BeatriceWynn17,0,64,0
EorHent,0,64,0
SenSchumer,0.013296935,104,13
MeltdownWRIF,0.013296935,201,13
SidewaysFerrari,0.013296935,68,13
OANN,0.0134006,68,13
REALBP5,0,155,0
VP,0.012274094,63,12
Nigel_Farage,0.015029014,13,12
ZoneBPatriot,0,23,0
deanbelair1,0,1,0
whitneymiett,0,1,0
JewelersMargo,0,172,0
washingtonpost,0.011360294,7,11
OffGuardian0,0.014085627,92,11
VanessaBeeley,0.014085627,92,11
EvaKBartlett,0.014085627,92,11
elleprovocateur,0.014085627,92,11
21WIRE,0.014085627,92,11
DonaldJTrumpJr,0.011251253,1,11
TinaAguayotv,0.011251253,68,11
burtmarks,0,24,0
KarluskaP,0.011251253,131,11
small1988,0,201,0
MikkiWillis,0.010228412,68,10
realDonaldTrump⁩,0.010228412,83,10
RudyGiuliani,0.010435741,68,10
Lodestar_Sagas,0,63,0
TomFitton,0.010332076,68,10
Reliefrm,0,155,0
CheCavolo69,0.002263764,172,2
PaulineGoUSA,0,1,0
danceforjoy_7,0,83,0
TheJusticeDept,0.009205571,117,9
prayingmedic,0.009205571,155,9
HarrellRyan1,0,131,0
BillGates,0.009205571,117,9
HillaryClinton,0.009423652,172,9
AverageJoeOU,0,186,0
YouTube.,0.009205571,81,9
Project_Veritas,0.009309235,68,9
RsRckt,0,201,0
WelshPatriot74,0.001022841,68,1
Cassia3Miller,0,92,0
thecleangrape,0,68,0
MolonlabeBerni1,0.002263764,1,2
X22Report,0.008182729,172,8
marklevinshow,0.008182729,1,8
Ilhan,0.008182729,155,8
CBS11Andrea,0.008286394,117,8
NilahPatel,0.003395646,64,3
SpeakerPelosi,0.008400811,172,8
JesseBWatters,0.008400811,1,8
boxersforlife,0.002263764,63,2
isc00t2,0,68,0
GoodDog94619152,0.008286394,68,8
MissyKillion,0,68,0
tweet4lfe,0,68,0
grh4345,0,68,0
csinut1,0,68,0
bbcregular,0,68,0
IshaRNBSN,0,68,0
CelesteHerget,0,117,0
loricross00,0,172,0
DrTonyFauci,0.008182729,207,8
Booj007,0,1,0
Piper_Fogle,0,68,0
burgessvillian,0.004527529,2,4
SheenMalcolm,0,92,0
CLittleDev,0,7,0
flatearthaddict,0,172,0
Agata01337882,0,13,0
DogRealtorAZ,0,1,0
Transiently,0,92,0
Instagator1966,0,172,0
Michael89193741,0,186,0
vision_launch,0.007159888,92,7
brian14121974,0,68,0
spookydee7,0,92,0
davebolland1,0,92,0
HostetterGmail,0,83,0
whistle41057341,0,104,0
Shawnro34619265,0,172,0
juneberrytree1,0,63,0
joannem12360598,0,1,0
LevyLoiseau,0,92,0
Cheryl48943188,0,92,0
roadforbyzant,0,92,0
suegrant54321,0,92,0
davidicke,0.006137047,7,6
MarlboroughOf,0.007514507,13,6
geordiegreig,0.007514507,13,6
HFREEMA83843708,0,22,0
GovAbbott?,0.006240711,117,6
CBSDFW,0.006240711,117,6
BillyMikeKY,0,172,0
ShotsRangOut,0.003395646,32,3
LuEspin79443133,0,1,0
ykgb,0,186,0
BorisJohnson,0.006137047,7,6
halftwit2,0,83,0
JaySpanola,0,104,0
GovIzms,0,1,0
morcreed6,0,130,0
gardeniabee,0,172,0
Real8BitGeek,0,164,0
KellyChronicles,0,1,0
qeepawake,0,1,0
papabear714,0,89,0
JeremyKoykka,0,1,0
SusanPe07405982,0,42,0
invisiblebusyb,0.001131882,7,1
gemmaod1,0.005114206,95,5
Ombudsman___,0,117,0
thehill,0.005114206,67,5
SteveBluhm,0.001022841,117,1
stholeary,0.00521787,117,5
CAgovernor,0.005114206,29,5
MayorOfLA,0.005114206,29,5
IngrahamAngle⁩,0.005114206,83,5
owensitgonnaend,0,104,0
ttocs35,0.003395646,89,3
TamiAngeleyes,0,1,0
DaveFash,0,63,0
TuckerCarlson,0.005114206,63,5
avocadoatlawnyc,0.005114206,201,5
EyesOnQ,0.005114206,155,5
Mike_Pence,0.005114206,1,5
JunjiHiroma,0,64,0
mjlinks4201,0.004527529,75,4
EDTVProductions,0.002263764,80,2
olive_eisner,0,117,0
Felbtr,0,1,0
LaraPatriot,0.004527529,201,4
NYGovCuomo,0.005114206,104,5
Doishka1,0,131,0
RueRT0708,0.004527529,129,4
Ignatiusone,0,135,0
Cat82500134,0,83,0
M2Madness,0.005114206,155,5
liri57954853,0,154,0
porfie_moreno,0,156,0
KristaKaine,0,117,0
timcin,0,155,0
LaLey_Wepa,0,1,0
ucahouston,0,172,0
Oyadina21,0,81,0
LexDeeley,0,0,0
spikestabber,0.004527529,2,4
aaronkma1,0.004527529,2,4
GerardBattenUK,0.004195029,7,4
dbongino,0.004091365,1,4
croc_el,0,10,0
KeithMillerMor1,0,11,0
jsolomonReports,0.004091365,155,4
loretta_stiles,0,68,0
Rparkerscience,0.004309447,1,4
RealEricCarmen,0.004091365,172,4
RealMattCouch,0.004091365,172,4
Alpha_57,0.003395646,28,3
Ann_OLeary,0.004091365,29,4
TomSteyer,0.004091365,29,4
JulieSuCA,0.004091365,29,4
CDPHDirector,0.004091365,29,4
CAPublicHealth,0.004091365,29,4
CAGoBiz,0.004091365,29,4
JjSchieff,0,83,0
OregonGovBrown,0.004091365,189,4
potus,0.004091365,83,4
WhiteHouse,0.004091365,83,4
MarycaroleMary,0,89,0
chandlerEclipse,0,42,0
bethelight11_11,0,42,0
GrinninGal,0,50,0
pattiarchi_usa,0,54,0
DarinHatch,0,1,0
ABothmann,0,117,0
gr8tgirly,0,68,0
michi22mo,0.004091365,201,4
ReimerPc,0,68,0
Resist2Exist313,0.004309447,80,4
neecole05,0,155,0
QuattlebaumJill,0,172,0
GovRonDeSantis,0.004091365,172,4
Sonya75211500,0,68,0
Rebecca82589361,0,117,0
dolcemaryse,0,1,0
owenwardsr,0,1,0
realPatriots007,0,86,0
OceanadeSilva,0,88,0
teridoty,0,1,0
greggutfeld,0.004309447,1,4
"BillGates,",0.004091365,117,4
spikejager1998,0,1,0
FlowersOphelias,0,89,0
SandersonNoreen,0,186,0
BeirlSamantha,0,1,0
BrexitLalaland,0,13,0
Cleopat69731353,0,13,0
DeAnna4Congress,0.004091365,172,4
VV85767417,0,116,0
la_cates,0.002263764,128,2
WilliamArnold45,0,104,0
jamiedlux,0.004091365,7,4
zoomlilly,0,13,0
qlactaka,0.004091365,130,4
JuYeonKimTV,0.004091365,130,4
KPEJFOX24News,0.004091365,130,4
Big2News,0.004091365,130,4
FLNJ312,0,131,0
PaulKnowsAll2,0.002263764,138,2
bettyisbusy,0,137,0
WHO,0.004091365,63,4
BlusterPoint,0,117,0
judelogsdon,0,1,0
EMTHernandez,0,161,0
HavasuDonnellys,0,1,0
onestopmshop,0,68,0
amandaeliasch,0,13,0
Desirelove101,0,7,0
LauraWesterberg,0,130,0
jandennis1955,0,68,0
MaryOsb36485285,0,130,0
TheTrooper2112,0,1,0
JerrymanderUSA,0,54,0
MatthewEich1,0,155,0
lmm777_Lynn,0,186,0
crumcasa,0,68,0
ArtkolodKeith,0,201,0
DonnaGirard6,0,68,0
RaffsBreadPuddn,0,117,0
madonna787,0,68,0
cronewil,0,130,0
MrTonyBertram,0,186,0
ADeplorable12,0,117,0
SchemppShawn,0,2,0
NoodleSparklez,0.002263764,63,2
KTHopkins,0.003068524,7,3
JonGar00990153,0,150,0
DavidDavisMP,0.003068524,150,3
scientificecon,0.003068524,14,3
KiwiGal6,0,15,0
latimes,0.003068524,19,3
JHTreyIII,0.003068524,20,3
Educati0n4Libs,0.003068524,20,3
mitchellvii,0.003068524,22,3
Kathy76147641,0,143,0
DemocratFed,0.003068524,68,3
Acosta,0.003068524,157,3
elenochle,0.003068524,25,3
PlassSandy,0,1,0
Krisleblanc_,0.003395646,64,3
haselcheck,0.003395646,64,3
Jhutch43945987,0.003395646,64,3
WakeUpCanada1,0.003395646,64,3
C_YSmith,0,68,0
PDVBTW2016,0,89,0
BlueSea1964,0.003395646,32,3
dma4him,0.002263764,63,2
perezrebecca083,0,1,0
DevinNunes,0.003068524,1,3
AnBeOnd,0.003395646,89,3
Liz_Wheeler,0.003068524,104,3
Kluchman4,0,41,0
christisch1,0.003068524,44,3
dontbullymy,0,117,0
DavidMuir,0.003068524,89,3
BryanSuisididel,0,45,0
blackswisschees,0,186,0
TeamTrump,0.003068524,1,3
FLOTUS,0.003068524,1,3
DrButtar,0.003068524,141,3
OnlyTheSulkiest,0,47,0
CindyReuss,0,117,0
ClarkeMicah,0.003068524,88,3
BrokeGi2017,0,156,0
kermitknowsit,0,117,0
TheIcklevoices,0,57,0
JoeMcGeez,0.001022841,57,1
ZoE__JoY,0,63,0
DNC,0.003068524,186,3
Sparta2427,0,59,0
BaringMyClaws,0,172,0
Phil_GillenH2O,0,1,0
LeAnna43409043,0,104,0
EpochTimes,0.003068524,186,3
JohannaDenton,0,117,0
PaulaJanL,0,201,0
Crux41507251,0.003286605,155,3
actiondirector1,0.003286605,155,3
lisadujour,0,103,0
IlhanMN,0.003068524,111,3
DLasater_99362,0.002263764,76,2
Patriotress,0,1,0
ActivistAlessa,0,80,0
ohsohappy2be,0,81,0
FoxNews,0.003068524,137,3
rjrx2k,0,117,0
Mutchy2U,0,84,0
KarmaLovesTrump,0,117,0
GregAbbott_TX,0.003068524,153,3
pparson28937951,0,1,0
Darrinbillingsl,0,117,0
ATP542,0,68,0
steveavonloor,0.003068524,1,3
coffeeaddict716,0,1,0
zulfiali3,0,7,0
kelperfectpix,0,1,0
samantha_nurse,0,68,0
Barnes_Law,0.003068524,117,3
bulldog19831,0,1,0
clarc919,0,186,0
DianeLeo,0,68,0
Trilla57,0,127,0
TheSharpEdge1,0.003068524,131,3
LouDobbs,0.003068524,155,3
SueCar11,0,137,0
mymeditrax,0,7,0
bryttan77,0,2,0
ZfR1p,0,2,0
scrowder,0.003068524,136,3
Dovelady23,0,89,0
Disneyoda,0,32,0
ForGodAndKing,0,143,0
BetteMidler,0.003068524,68,3
globalnews,0.003068524,144,3
David91703399,0,63,0
txwyokcowgirl,0,68,0
VNotKind,0.003068524,63,3
Cyndie00270413,0,117,0
CulturalCompass,0,155,0
HERconstruction,0,157,0
KatyLMA,0,158,0
SkyRoots9,0,63,0
SuzanSwickert,0,117,0
OfficialAnitaSt,0,1,0
kilby_angie,0,186,0
TomFlet08799159,0,186,0
PamSimson,0,155,0
_theredpill_,0,155,0
annbywater,0,92,0
RionNile,0,117,0
wagon_john,0,68,0
carol_rigby,0,127,0
RepAdamSchiff,0.003068524,172,3
CounterBalanceT,0,63,0
twisted_rabbit,0,7,0
17woke,0,175,0
politico,0.003068524,175,3
ThriveAngel,0,186,0
woodard1391,0,83,0
McDMark,0,1,0
Kelvin45367970,0,104,0
femalepit2,0,186,0
S33q3r,0,68,0
JoeAPisano,0,186,0
DoritoReiss,0,196,0
shhhhhh_o,0,68,0
flgrammie,0,68,0
schauers1,0,1,0
steive5,0,68,0
OmaPride,0,68,0
ZoiesWeb,0,68,0
Angl0sax0n,0,204,0
JSiskoff,0,68,0
TuxillJudy,0,68,0
DrAnthonyF,0.003068524,1,3
CarolynHyatt15,0,32,0
StaceyS36056828,0,83,0
Michiee14366754,0,210,0
ceestave,0,68,0
NotThisAsshole1,0.001131882,216,1
rh200001,0.001131882,216,1
bobbiek51,0,217,0
doumindifi,0,218,0
cheapjapcopy,0,7,0
MysteryLuminous,0,117,0
SomethingsNotR3,0,29,0
Neen_Katzmann,0,1,0
DocEvenhouse,0.002045682,5,2
pam_rotchadl,0,1,0
PressSec,0.002045682,155,2
BlazeTV,0.002045682,155,2
joehoft,0.002045682,155,2
DHSCgovuk,0.002045682,7,2
kondor_anna,0.001022841,7,1
GeorgWebb,0.002045682,172,2
sgtreport,0.002045682,172,2
PoliticalOrgy,0.002045682,172,2
RedPill78,0.002045682,172,2
ZZD_SleepingDog,0,186,0
dknight716,0,155,0
Scavino45,0.002045682,131,2
MarkMeadows,0.002045682,131,2
SecPompeo,0.002045682,172,2
MBOKSR_MAGA,0.001022841,104,1
ImMappin,0,13,0
onthewight,0.002045682,10,2
shadey68,0,95,0
vonderleyen,0.002045682,117,2
sherriereece,0,68,0
ExitingSerfdom,0,1,0
roupolimama,0,155,0
SpotShopMedia,0,186,0
StaceyNormingt1,0,186,0
jeffsekerak,0.002045682,155,2
ElisaMichaels,0,20,0
HaydenH70944241,0.001022841,21,1
wfaa,0.002149347,21,2
GovMLG?,0.002045682,23,2
finguys,0.002045682,143,2
HarmlessYardDog,0.002045682,143,2
RadicalCath,0.002045682,143,2
Julietknows1,0.001022841,63,1
EatonRose1,0.002045682,1,2
9999PatriotUSMC,0.002045682,68,2
citznlegislator,0.002045682,68,2
DomInDaOcean,0,155,0
benshapiro⁩,0.002045682,83,2
FakeNewsBears,0,189,0
TheCollectiveQ,0.002045682,89,2
TamaraLeigh_llc,0,1,0
JoyceGlaser,0,68,0
SeekUFindQ1,0,33,0
JamTech65,0,155,0
BernieSanders,0.002045682,155,2
charliekirk11,0.002045682,104,2
NotSteinbart,0,35,0
5Agenda21,0.002045682,35,2
MissILmom,0.001022841,1,1
1koolwoman,0,186,0
sidrosenberg,0.002045682,104,2
OutIn2020,0.002045682,104,2
jkntme2784,0,68,0
Qthenarratives,0,68,0
MrCM_Burns,0,36,0
brithume,0.002045682,50,2
Qraven7,0,38,0
SteveRustad1,0.002045682,83,2
GetWisdomDude,0.002045682,83,2
ACAAdventures,0,68,0
JrBartsch,0,68,0
Breaking911,0.002045682,41,2
QTheWakeUp,0.002045682,1,2
BusyDrT,0.002045682,104,2
RealCandaceO,0.002045682,104,2
AustinSteinbart,0.002045682,42,2
Lolo611,0,1,0
vanessa06167973,0,42,0
Andy74916139,0,1,0
huck_nola,0,186,0
HehnlyMargaret,0,68,0
Doyal1Chris,0,186,0
carli20132,0,68,0
EileenColts,0,48,0
tembitz,0,42,0
Debi_52,0,49,0
Jecolon8016,0,1,0
lindagrace6390,0,1,0
EYESWIDE12,0,63,0
janemas,0,88,0
JohnQ1776,0,51,0
HireACoach,0,52,0
Niner4ever80,0,53,0
WarRoomPandemic,0.002045682,54,2
WarRoom2020,0.002045682,54,2
JasonMillerinDC,0.002045682,54,2
RaheemKassam,0.002045682,54,2
allison_plunk,0,186,0
ChuckCallesto,0.002045682,156,2
JohnMurphy51,0.002149347,57,2
Shane83228624,0.002149347,57,2
maximillianhol4,0.002045682,1,2
mattos_candie,0.002045682,1,2
EricTrump,0.002045682,1,2
MelissaAFrancis,0.002045682,172,2
codiecm,0,186,0
IntegrityNeeded,0,186,0
AndweknowN,0,71,0
AhsokaT13280784,0.002045682,71,2
ZionistReport,0.002045682,71,2
mtracey,0.002045682,60,2
Marie76431664,0,68,0
MichaelRapaport,0.002045682,62,2
LotusOak2,0.002045682,63,2
CSinclairtv,0.002045682,104,2
badzachtakes,0,122,0
ScottAdamsSays,0.002045682,122,2
glennbeck,0.002045682,117,2
Elizabe42348041,0,65,0
DilleyShow,0.002045682,65,2
Jordan_Sather_,0.002045682,66,2
JudicialWatch,0.002045682,186,2
magaxxoo,0.002263764,63,2
RileyRogue,0.002263764,63,2
BibleBeltDarlin,0.002263764,63,2
tweetheart717,0.001022841,64,1
HobbsProlife,0,1,0
CherylW54985317,0,186,0
RealEyeTheSpy,0.002045682,70,2
MullineuxArthur,0,71,0
NewModelArmy5,0,1,0
EvelynDaniell10,0,1,0
DeannaSGroves,0,186,0
jaketapper,0.002045682,72,2
LindseyGrahamSC,0.002045682,172,2
4TrueTime,0,186,0
mattgaetz,0.002045682,172,2
marcorubio,0.002045682,172,2
MS38378800,0,186,0
joerogan,0.002045682,103,2
AlthauserDenise,0,186,0
jparr44mag,0,1,0
Rocknrollmachin,0,111,0
2ndfor1st,0,68,0
injaeneous,0,77,0
EGEVER142,0,186,0
EDTVAimee,0.002263764,80,2
SecPompeo⁩,0.002045682,83,2
WhiteHouse⁩,0.002045682,83,2
hannity,0.002045682,83,2
darkjournalist,0.002045682,82,2
rpd0319,0,155,0
Malissiajane,0,1,0
DianeEl46749245,0,1,0
BrianStrutter,0.002045682,86,2
abc3340,0.002045682,86,2
karvan40115346,0.002045682,88,2
SchinkeJessica,0,1,0
NOlliney,0,89,0
LadyRedWave,0,1,0
BillSut02370873,0,1,0
GoeffYaselph,0,1,0
jones_kip,0,94,0
OkieNV,0.002045682,1,2
BoyumKim,0,42,0
qdrops_,0,172,0
officialmcafee,0.002045682,96,2
MichaelDBarfie1,0,42,0
TimCambron,0,186,0
Pats4JusticeNow,0,98,0
BonnieGaenzle,0.001022841,98,1
FreeGodspeople,0,42,0
1DeevineDee,0,117,0
TrumpWarRoom,0.002045682,172,2
dianevalead,0,1,0
CChristophr154,0,186,0
MarbleMakes,0,172,0
RrAlien,0,103,0
DaisyDandelion,0,1,0
AVMikhailova,0.002045682,7,2
texasmom2many,0,104,0
cmthomas770,0,186,0
NONONOEU,0,107,0
faster34me,0,108,0
JanPaulPinto1,0,110,0
StefLee97919633,0,111,0
napernurse,0,186,0
BoAsciu,0,172,0
mairn_pap,0,113,0
MCanttel,0,114,0
EmilyGruenhagen,0,1,0
seattlemama2329,0.002045682,116,2
mspatricia317,0.002045682,116,2
john_henry68,0,117,0
Keith40539137,0,13,0
NEBodner,0,117,0
Joanne98474738,0,7,0
atausakuma,0,1,0
the_chrissyfred,0,120,0
RWM1953,0,20,0
JudCharlton,0,186,0
FrankFabian63,0.002263764,128,2
Fizzle24,0,21,0
scottlindsey,0,186,0
Rectitude20,0.002149347,68,2
DaveTysinger,0,123,0
Styxman500,0,124,0
Alexis_Cossette,0.002045682,125,2
clarkeMicah,0.002045682,92,2
ltsOnlyBecky,0.002045682,127,2
Lvstarlet64,0.002045682,127,2
Franklin_Graham,0.002045682,127,2
2runtherace,0.002045682,131,2
echo3juliet,0,128,0
MarieFrederik1,0,20,0
theCindyAnn,0.002045682,104,2
KreJennifer,0,13,0
Gifted2G,0,159,0
tribunal_watch,0.002045682,159,2
CathySteinberg2,0.002045682,159,2
ugotGod,0,132,0
DrJudyAMikovits⁩,0.002045682,83,2
Sundncefn,0.001022841,186,1
MAGACovfefe711,0,186,0
YahooGareth,0,13,0
ZubSpike,0.002263764,138,2
openthebooksaus,0,136,0
niknaturallynik,0,68,0
LoveTranceAnnL,0,1,0
ACMedia_x2,0,117,0
angelheart11_11,0,138,0
abc7breaking,0.002045682,117,2
mapad1888,0,7,0
ABCWorldNews,0.002045682,89,2
justonepatriot,0,131,0
LeggieroVivace,0,1,0
Testore_Gianni,0,145,0
DrTedros,0.002045682,63,2
JustinTrudeau,0.002045682,63,2
22000Chris,0,146,0
Bobby19682,0.002045682,146,2
GovWhitmer,0.002045682,146,2
amumanon,0,42,0
EnviroSmartGOP,0,7,0
SpaCityBroker,0,148,0
TrailMediaLLC,0,186,0
CDCgov,0.002045682,63,2
jayltrout,0,172,0
HLAurora63,0.001022841,172,1
Taggart65829617,0,150,0
kylegriffin1,0.002045682,151,2
bfraser747,0.002045682,155,2
Dan75933310,0,153,0
shellkonz,0.002263764,172,2
CandyComedy,0.002263764,172,2
curtisroderick4,0.002263764,172,2
AOC,0.002263764,172,2
Tideguy11,0,186,0
DrakeWitte,0,1,0
DixieLadyBR549,0,159,0
TheTrueChannel,0.002263764,155,2
Kevin_Shipp,0.002263764,155,2
annvandersteel,0.002263764,155,2
BlessedToTeach,0.002263764,155,2
LoRosS26,0.002263764,155,2
geoff_deweaver,0.002263764,155,2
yarnlover67,0.002263764,155,2
Maribet12862680,0.002263764,155,2
impulsivewoman,0.002263764,155,2
SusanStJames3,0.002263764,155,2
ThePatriotHour,0.002263764,155,2
LuxuryDecorDeb,0.002263764,155,2
GodPatriot4,0,160,0
CDCDirector,0.002045682,63,2
JuliaWraith,0,186,0
fordnation,0.002045682,164,2
ORCRoseAnne,0.002045682,164,2
GregRickford,0.002045682,164,2
MorningsMaria,0.002263764,1,2
dagenmcdowell,0.002263764,1,2
everett_le1,0,186,0
sandres_mo,0,68,0
1citizenpundit,0,83,0
GhostRider23,0,68,0
QSpirit7,0,68,0
AlohaEvery1,0,7,0
okinawan_willy,0,186,0
KarenSL,0,170,0
RobertScharnbe4,0,171,0
matthewamiller,0.002045682,172,2
TC75135480,0,7,0
JoPhinney2,0,1,0
SkyNews,0.002045682,173,2
Nep1987Nick,0,174,0
aimie100,0,172,0
Marshap17276901,0,155,0
utchaymodestus,0,155,0
chris_cmselec,0,1,0
IsabellHale1,0,186,0
geenar2,0,179,0
cjtruth,0.002045682,1,2
Cia99967275,0,68,0
HembG,0,89,0
America1st1620,0,183,0
Emptydata,0,184,0
eemd48,0,1,0
JesusRo12252665,0,1,0
marsialynn86,0,1,0
Spchgrl8675309,0,1,0
BardsOfWar,0.002045682,1,2
anzrave,0,189,0
bobglomorrison,0,155,0
ilyassimsek3,0,186,0
jeffreyTX2015,0,1,0
Sarahjrogers48,0,117,0
NetworkBTN,0,186,0
ChrisLaugaland,0,63,0
UKRoadKing,0.001022841,68,1
MLAnder87321751,0,35,0
MailOnline,0.002045682,35,2
cla83674019,0,63,0
Blogadog,0,186,0
bloges1776,0,68,0
DeepPol,0,68,0
lightbird58,0,68,0
BBCNews,0.002045682,198,2
flower302,0,92,0
AMMO521,0,146,0
SimpleMe1970,0,68,0
Maude19881,0,1,0
cfrizzell79,0,186,0
kimberly_kertis,0,1,0
otdon,0,155,0
BARBGOUGH1,0,81,0
Traconesu,0,104,0
mamasuzzzz,0,104,0
Mickey_Irish1,0,1,0
AgileConcept,0,117,0
bradleyreed88,0,104,0
KneupB,0,136,0
freelivia,0,211,0
ClaridaKelly,0,172,0
mynegaim,0,1,0
AndyvdHeijden,0,215,0
jessica77602354,0,1,0
daucherB,0,68,0
bronxhoops2033,0,155,0
RogerBerusche,0,186,0
KyleDW87,0.002263764,216,2
SusanAn00854632,0,1,0
Rosanna_Red,0,155,0
TS_Fairytale_KH,0,219,0
SeacoastEagle,0,1,0
AbbeySomething4,0,220,0
TimRunsHisMouth,0.002045682,220,2
CPierce37,0,1,0
dawngo18,0,117,0
jwoooom,0,117,0
AlexiaSinger3,0,221,0
BRNordgren,0,1,0
Roxy_VelCo,0,172,0
OefileP,0.001022841,0,1
Santos_Enugbe,0.001022841,0,1
Paa_Lash,0.001022841,0,1
buddyankie,0.001022841,0,1
lcasashildeshe1,0,172,0
CloneDwarf,0,186,0
Just2spiffy,0,3,0
WDWNT,0.001022841,3,1
peterfelth,0,186,0
Covidcovidhoax,0,7,0
alexandriaden,0,186,0
snookie1515,0,186,0
xenkallas,0,4,0
cuban_manny,0,186,0
elsufrbe,0,186,0
heathersmedica1,0,186,0
Twinner53034734,0,186,0
Ga1tJohn,0,5,0
BrianViera27,0,6,0
houstonassassin,0.001022841,6,1
ladydi3501,0,89,0
traceet1113,0,7,0
RhondaHurley2,0,186,0
Eleanor96001096,0,7,0
SarahB1822,0.001022841,155,1
JeannieGiering,0.001022841,155,1
martingeddes,0.001022841,155,1
gumu555,0.001022841,155,1
writermelle,0.001022841,155,1
CoCnservative,0,186,0
walsh_cmg0101,0.001022841,7,1
10DowningStreet,0.001022841,7,1
Mwengway72,0.001022841,7,1
christi11964848,0,8,0
austere1717,0.001022841,8,1
fionamaeve,0,9,0
sparkledocawake,0.001022841,9,1
Potus,0.001022841,131,1
tucker,0.001022841,131,1
CherokeeOwl,0,186,0
DominicRaab,0.002580896,92,1
n0rbie,0.001022841,10,1
howards63976817,0.001022841,10,1
Ian_Fegan,0.001022841,95,1
EurasiaGroup,0.001022841,11,1
ianbremmer,0.001022841,11,1
RBReich,0.001022841,11,1
camanpour,0.001022841,11,1
DGPurser,0,186,0
SeanCordicon,0,89,0
davidlane1955,0,186,0
Enoch01,0,186,0
KingLionheart,0.001022841,150,1
AngelaPower7,0.001022841,150,1
PatriotProud45,0,186,0
warmblood,0,12,0
toadmeister,0.001022841,12,1
JBeutjer,0,1,0
publicbankinga,0,14,0
JMESHELL7,0,186,0
Melanie76318741,0,186,0
JessicaFoxNZ,0.001022841,15,1
patrickgowernz,0.001022841,15,1
minhealthnz,0.001022841,15,1
CalculoMc,0,16,0
finegael,0.001022841,16,1
DESMONDKING3,0,17,0
Harryslaststand,0.001022841,17,1
DarkToLiqht,0.001022841,117,1
melindagates,0.001022841,117,1
JacobDart5,0,1,0
paddua,0,155,0
DanHarmon36,0,186,0
gingy_t,0,68,0
mcroff1958,0,89,0
Theresa70851511,0,186,0
YipekEspitia,0,18,0
2_catholic,0.001022841,18,1
CapeCodAngel3,0.001022841,68,1
kdiri808,0,186,0
cristinalaila1,0.001022841,155,1
jkenney,0.001022841,186,1
guy_connor,0,19,0
Valeria45890283,0,186,0
svagdis,0,155,0
ColinSkow,0,1,0
ChrisMetzler,0,186,0
phunchicky,0,67,0
freelife1120,0,186,0
John05689094,0.001022841,22,1
legslambert,0.001022841,22,1
CaribouSass,0.001022841,22,1
vicksiern,0.001022841,22,1
dgarritysantafe,0.001022841,23,1
United4NM,0.001022841,23,1
kalebmahan12,0.001022841,23,1
JordofLBK,0.001022841,23,1
TeresaH58490914,0.001022841,23,1
pol_inc_puppy,0.001022841,23,1
ShaunaAbney,0.001022841,23,1
NGirrard,0.001022841,23,1
GovMLG,0.001022841,23,1
NMDOH,0.001022841,23,1
pufffdadd,0,186,0
BigDonTee,0,1,0
MaryMargaretTK,0,186,0
David92675199,0,186,0
AlanJac10051970,0,157,0
RitaMiller2001,0,186,0
KathrynTappen,0.001022841,24,1
WhitneyforMT,0.001022841,24,1
TiffaniThiessen,0.001022841,24,1
Metallica,0.001022841,24,1
AWMHFoundation,0.001022841,24,1
MelissaJoanHart,0.001022841,24,1
WillieDLIVE,0.001022841,24,1
MorganSpurlock,0.001022841,24,1
rte,0.001022841,24,1
SmombieGate,0.001022841,24,1
alisonhaislip,0.001022841,24,1
tlynkelly,0,25,0
teresaevans25,0,26,0
EssexPR,0.001022841,26,1
royomanMN,0,1,0
SheilaMH77,0,89,0
DannaB1,0,172,0
MomSeeker,0,27,0
ROHLL5⁩,0.001022841,27,1
HOBrien_Author,0,172,0
Americansonofl1,0,1,0
RealAmericanCi2,0,131,0
AshleyDavis32,0.001022841,172,1
FreeBeacon,0.001022841,172,1
AndrewStilesUSA,0.001022841,172,1
realDailyWire,0.001022841,172,1
DitullioMary,0,28,0
KimNader1,0,1,0
forrestcrunk69,0,186,0
DJNazSD,0,186,0
MikeHes52772147,0,186,0
liberty4nz,0,30,0
StraightArrowNZ,0.001022841,30,1
Tommy_Voltaire,0,31,0
GovofCO,0.001022841,31,1
ZupancicJareen,0.001022841,33,1
quadvee,0.001022841,33,1
Notmemom1,0,172,0
PhilBarratta,0,186,0
PoliticalIntent,0,186,0
gourav472001,0.001022841,1,1
PeteMcCool1,0,4,0
KimHarr17015664,0,155,0
QYou56938304,0,186,0
DixieHillbilly2,0,186,0
jeffbarker002,0,186,0
hgpp_usa,0,155,0
foxnewsdesk,0.001022841,186,1
TomColeOK04,0.001022841,186,1
JimInhofe,0.001022841,186,1
TheOklahoman_,0.001022841,186,1
tulsaworld,0.001022841,186,1
mujtastik,0,34,0
WGNNews,0.001022841,34,1
NikkiHaley,0.001022841,104,1
BrutonRayford,0.001022841,104,1
NZStuff,0.001022841,35,1
amikeliunas,0,186,0
DJ_TPGReport,0.001022841,1,1
maga17wwg1wga,0.001022841,1,1
MaryGraceMedia,0.001022841,1,1
KeeganMKey,0.001022841,1,1
IrishRacingPro1,0.001022841,1,1
SebGorka,0.001022841,1,1
catturd2,0.001022841,1,1
lesliehardy99,0,186,0
RebeccaWatter10,0,186,0
19DABEARS81,0,155,0
cindyscorners,0.001022841,104,1
RL9631,0.001022841,104,1
bernardmcguirk3,0.001022841,104,1
frankmorano,0.001022841,104,1
JoePiscopoShow,0.001022841,104,1
AmyKremer,0.001022841,104,1
NevadaElJefe,0.001022841,104,1
USMCSDI,0.001022841,104,1
USBornNRaised,0.001022841,104,1
Matthew_4_Trump,0.001022841,104,1
Business3None,0.001022841,104,1
BidwellRb,0.001022841,104,1
MenofGod11,0.001022841,104,1
21-Aug,0,186,0
JoeySalads,0.001022841,68,1
prolifemom123,0,83,0
QarriorP,0,186,0
stylishmichele,0,186,0
ForLoveofaBoy,0,68,0
ravena68,0,201,0
gerrysmithaz,0.001022841,36,1
PeterSweden7,0.001022841,36,1
kylerollins,0,37,0
dfowlie1,0.001022841,37,1
kensteady79,0,186,0
Debe78123265,0,117,0
CheriinMS,0,50,0
Se7eN32781870,0,25,0
brad_polumbo,0.001022841,38,1
doctorcherokee,0.001022841,38,1
janejohnson8793,0,39,0
cnni,0.001022841,39,1
Stonewoodforge,0,186,0
DAWNCATHERINE,0.001022841,83,1
dave_snot_home,0.001022841,83,1
SenJeffMerkley,0.001022841,83,1
donnasfineart,0.001022841,83,1
abctweet100,0.001022841,83,1
tuckerpupper1,0.001022841,83,1
McguireScotty,0,186,0
PaulWestonEden,0,186,0
Sagacious_Saint,0,7,0
veeharmony,0,186,0
DonaldTrump,0.001022841,1,1
DanaPerino,0.001022841,1,1
TheFive,0.001022841,1,1
CTWRabbit,0.001022841,68,1
Q4truth_UK,0,40,0
TheGardianNews,0.001022841,40,1
Alysm0,0,172,0
FtwrQ,0.001022841,41,1
AllForLoveQ,0,1,0
a3auntie,0,43,0
love4thegameAK,0.001022841,43,1
rfitzger71,0,186,0
ShroyerAlbert,0,1,0
TonyTonysold,0,186,0
DaquanWhite7,0,44,0
moutonn68125861,0,186,0
DarlaShine,0.001022841,104,1
bennyjohnson,0.001022841,104,1
Cernovich,0.001022841,104,1
RyanGirdusky,0.001022841,104,1
GOPLeader,0.001022841,104,1
RepLeeZeldin,0.001022841,104,1
JudgeJeanine,0.001022841,104,1
TomiLahren,0.001022841,104,1
TheMikeLiPetri,0.001022841,104,1
HarveyStaub1,0.001022841,89,1
anijah_rose,0,186,0
MaraBimba,0,186,0
KeAnnaJo_12,0,186,0
S3mp3rF,0,81,0
MickwestOz777,0.001022841,45,1
Hellharbour,0.001022841,45,1
LizBuff46,0.001022841,45,1
Truthyoudare1,0,186,0
stang289,0,117,0
ldyrigger1,0,186,0
ru_awake_yet,0.001022841,186,1
briantylercohen,0.001022841,1,1
cjsienna55,0,186,0
gochaseanna,0,186,0
Donna_Sadzius,0,186,0
torontofanatic,0,186,0
KamarisaL,0,186,0
dumisani6,0,186,0
pukmis,0,186,0
clouden_patrick,0,1,0
kimguilfoyle,0.001022841,1,1
GomezMatthewD,0.001022841,1,1
_BettyCardenas,0.001022841,1,1
LtGovSanchez,0.001022841,1,1
Hoo19U,0,186,0
supergallagal,0,186,0
yieldtoprayer,0,186,0
Charity58076255,0,46,0
GovPritzker,0.001022841,46,1
BigBtheBagman,0,186,0
HazelParody,0.001022841,47,1
darealpyxlup,0.001022841,47,1
OOCWesternR34,0.001022841,47,1
TamdyTee,0,186,0
SmileURON4,0,4,0
MEopines,0,186,0
DavrFash,0.001022841,63,1
timeconsumer117,0,186,0
KeriBorror,0,186,0
mpmomok,0,1,0
covid,0.001022841,48,1
ventilator,0.001022841,48,1
ConservCavalry,0,186,0
mikebarkhaus1,0,186,0
wfogarty3026,0,186,0
Wxmouse,0,186,0
KildahlOle,0,186,0
BernieMcIntyre5,0.001022841,49,1
atensnut,0.001022841,49,1
SouloFlier,0,1,0
janpark,0,186,0
gmaophir,0,186,0
Jonatha18280375,0,117,0
VIAworldwide,0,186,0
EspositoJo,0,186,0
honeywell,0.001022841,1,1
Kara91465286,0,186,0
SuzeQ_17,0,186,0
robertmendoza22,0,117,0
DibariSteve,0,117,0
stefan58,0,186,0
sankshar,0,186,0
AngelCrazey,0.001022841,88,1
patriot7842,0,68,0
flojonic,0.001022841,50,1
Maria33590968,0.001022841,50,1
RockHound47,0.001022841,50,1
gordanak,0,4,0
pm19513,0,186,0
SangrealGlow,0,186,0
berrier_joanna,0,1,0
TexasUncensored,0,186,0
dukster4,0,186,0
col1bkw,0,186,0
DIDNOTVOTEFOR44,0,186,0
indigenous01,0,186,0
JuliansRum,0.001022841,51,1
1Eslick,0.001022841,51,1
MichaelCappola1,0,186,0
TaxiKym,0,186,0
adamskaboy,0,1,0
fs_given,0,186,0
LostEko,0,186,0
ReneeMcCone,0,186,0
sonicstout,0,186,0
AhmedBaba_,0.001022841,52,1
PalmerReport,0.001022841,52,1
V_actually,0,186,0
robreiner,0.001022841,53,1
lordez56,0.001022841,53,1
Danibp727,0,186,0
gr155houk,0,186,0
kschmidtoo,0,55,0
HuffPost,0.001022841,55,1
wfogarty302658,0,186,0
Lynden59686979,0,4,0
JAM56039265,0,56,0
JoshuaPotash,0.001022841,56,1
Janee_Roemer,0,68,0
Lyndon_sb,0.001022841,156,1
BCharlote,0.001022841,156,1
CAshley68,0,186,0
142Hinkle,0,186,0
jlsprow,0,68,0
drnicolejames,0,4,0
no_silence,0.001022841,63,1
glencolello,0,186,0
dmcnally1952,0,68,0
PeacefulBubbles,0,186,0
chickenpatti13,0,186,0
MartinaMcCabe3,0,95,0
marty713,0,68,0
TheStorm_Chaser,0,186,0
rhondasweeten,0,186,0
LaraLeaTrump,0.001022841,1,1
TheFnDoQtor,0,68,0
nancy73gg,0,5,0
301479341,0,186,0
HoboBabe,0,58,0
MrColionNoir,0.001022841,58,1
ken47456780,0,186,0
jade25801418,0,186,0
TschetterMarvie,0,186,0
bandraidoir,0.001022841,59,1
PaulLewis,0.001022841,59,1
nmlinguaphile,0.001022841,59,1
karenbr01216054,0,89,0
Christi76673318,0.001022841,172,1
SarahOC46730597,0.001022841,172,1
dianne_algiere,0,186,0
whateveruwantca,0,186,0
LibertateaPirat,0,60,0
Taralynn717,0,186,0
Dark_Druid_316,0,186,0
NormaHunter1,0,186,0
TomEchols3,0,186,0
Dollydimple25,0,61,0
theJeremyVine,0.001022841,61,1
pnpeterman,0,186,0
FKTVis,0.001022841,1,1
Jim_Jordan,0.001022841,1,1
donnabarrington,0,186,0
jpspider55,0,186,0
joleone,0,186,0
Tony5ohh,0,62,0
Light49328624,0,186,0
1fairmaiden,0,186,0
bbsergent,0,81,0
ARIEyan35239829,0,186,0
BurkeTeam6,0,186,0
Grazie95486257,0,186,0
April56160294,0,186,0
CLG427,0,186,0
PaulMitchellPPC,0.001126506,64,1
PremierScottMoe,0.001126506,64,1
AGWillliamBarr,0.001126506,64,1
TomTSEC,0.001126506,64,1
presscoreca,0.001126506,64,1
Jeholmes,0.001022841,122,1
SilkJonny,0,186,0
Ben71Rachel,0,186,0
debrob81,0,186,0
Kenclarkmedia,0,186,0
hawproductions,0,186,0
firecaptmike25,0,186,0
AlinaHere,0,66,0
mccourt559,0,186,0
JoyLinPark,0.001022841,186,1
GaetaSusan,0.001022841,186,1
StrawsForAll,0.001022841,186,1
debrose1720,0,186,0
lucky7_65,0,186,0
Check3Sixty,0,67,0
jarrett673,0.001126506,64,1
LiveFOReal,0,186,0
jdeiceman11,0,186,0
JoLapiana,0,186,0
HolyGrailHoney,0,186,0
freedomgirl2011,0,69,0
madanboukman,0.001022841,69,1
UA4Q1970,0,186,0
Qrd04987214,0,186,0
KevinAz61,0,186,0
FoxnewsTV,0.001022841,186,1
Matmgr19,0,186,0
viilxxxiii,0,29,0
bella6586,0,186,0
puddinpop4,0,186,0
TheAgenda6,0,70,0
douglas_dalziel,0,186,0
christinedauzat,0,1,0
vicki_happy,0,186,0
izthatu,0,172,0
qwreggelsworth,0,186,0
Roshe51,0,186,0
MCA671,0,186,0
RedPiller3,0,1,0
SCNana3,0,186,0
vilmamikavicien,0,186,0
rockwildaz,0,155,0
sgwilson1963,0,186,0
Commonsensenow2,0,186,0
KrisAnneHall,0.001022841,1,1
YouGotT25656772,0,186,0
BuyAmerican100,0,80,0
Patriot9161,0,72,0
VolBoyz,0,73,0
57MCM,0.001022841,73,1
carolfitzpatric,0,186,0
the_resistor,0.001022841,172,1
marthamaccallum,0.001022841,172,1
RosieMacalister,0,186,0
doc_revan,0,186,0
la5225Lynch58,0,186,0
RaoulDu42314703,0,172,0
PsychSavant,0,186,0
Charkroger,0,117,0
LadyofFe,0,186,0
SenRickScott,0.001022841,172,1
scooterthedj,0,1,0
MissTheaMaria,0,4,0
JAllornone,0,186,0
goladygo45,0,172,0
cesar1595,0,186,0
nathansegal,0,186,0
loudobbs17,0,186,0
catherinecummi7,0,28,0
ITrumen,0,186,0
joeandbridge,0,186,0
AGoPatriot,0,186,0
Mitchplayzxhd,0,186,0
MikkiWillis.,0.001022841,103,1
chriskresser,0.001022841,103,1
KathleenAntrim,0,186,0
ScooterJH,0,186,0
darkokovacevi17,0,68,0
scottbywater,0,186,0
d_omiatek,0,186,0
ArchKennedy,0,186,0
JaneRos04705082,0,186,0
trentcubine,0,186,0
goodeb,0,186,0
MagaDon11,0,186,0
"SpeakerPelosi,",0.001022841,111,1
nanashton,0,186,0
LudweSotshonon1,0,74,0
SizweLo,0.001022841,74,1
TishMoscow,0,75,0
LeslieMeyerBec2,0,186,0
sweetweeter5,0,186,0
trishie818,0,68,0
aamirbarry,0,186,0
mel_faith1,0,186,0
10thCrusader,0,186,0
ginibrd,0,186,0
PPjacobson81,0,186,0
kemmeth71,0,186,0
feemail,0,186,0
CharlesMarling2,0.001022841,77,1
life_beo,0.001022841,77,1
carawaysmith1,0,186,0
dikane620,0,172,0
CliffJump101,0,78,0
GovernorTomWolf,0.001022841,78,1
lightonearth111,0,60,0
mojojoeg,0,186,0
Rosecomment,0,79,0
globeandmail,0.001022841,79,1
ToshTalarico,0,186,0
MichaelaHertko1,0,64,0
MocklerKaren,0,186,0
AFunnyValentine,0,186,0
thea_ceo,0,131,0
AlexXandah24,0,186,0
barbraymond,0.001022841,117,1
oceanstroll2,0.001022841,81,1
GmanFan45,0,186,0
LisaMarieBoothe,0.001022841,186,1
gwags62,0,186,0
justawhoaman1,0,82,0
ltlgcoach,0,186,0
andrean316,0,186,0
BoogerKlaus,0,186,0
zimmer_adrienne,0,186,0
martinahalpin7,0,186,0
RLiverm,0,186,0
soladeb1,0,186,0
BuzzPatterson,0.001022841,84,1
TimothySMcCoy,0.001022841,84,1
SUSAN46189802,0,186,0
Mark94514084,0,186,0
MarcCox971,0.001022841,1,1
anniefreyshow,0.001022841,1,1
kilmeade,0.001022841,1,1
SamualLClemens,0,85,0
PeterRQuinones,0.001022841,85,1
Birdle_2963,0,186,0
shesnotnice_,0,186,0
CNN,0.001022841,1,1
vindicaretTrump,0,186,0
sonshine878,0,186,0
tor2583,0,186,0
LauraWium,0,186,0
PatriotJ2020,0,87,0
W4k3up_,0.001022841,87,1
IamHis316,0,186,0
Dawn_DeMore1,0,186,0
rmhobbs,0,153,0
MagaUnite11,0,186,0
Rainbojangles,0,201,0
DevEngine,0.001022841,89,1
CyrusAParsa1,0.001022841,104,1
FBI,0.001022841,104,1
CIA,0.001022841,104,1
BilldeBlasio,0.001022841,104,1
Elmajoh,0,186,0
Marcellalaneha2,0,186,0
GlennrPitts1,0,90,0
KenWebsterII,0.001022841,90,1
avorhees,0.001022841,1,1
ScottPresler,0.001022841,1,1
katybarsdoor,0,186,0
Georgevans123,0,91,0
itsnotheory,0.001022841,91,1
bsmiller_becky,0,186,0
fulfordkatie1,0,1,0
recoveringkids,0,186,0
JennyLAlex,0,186,0
InspiringU2,0.001022841,1,1
rskk01,0,186,0
paulagg1960,0,92,0
DragonLady32108,0,80,0
llReconll,0.001022841,1,1
littlorangefish,0,186,0
onenoblerogue,0,186,0
telescone,0.001022841,1,1
saraj2020,0.001022841,1,1
knoxnews,0.001022841,1,1
GlennJacobsTN,0.001022841,1,1
DineshDSouza,0.001022841,1,1
chuckwoolery,0.001022841,1,1
ksorbs,0.001022841,1,1
DiamondandSilk,0.001022841,1,1
Fire1702852852,0,186,0
tiredmn01,0,186,0
skyler038,0,186,0
JalapenoChorizo,0,186,0
mormonangel,0,186,0
PeggyRuppe,0,64,0
sanjosefretwork,0,186,0
RLickin,0,104,0
daniell54643798,0,93,0
RedLeftie,0.001022841,93,1
CONIDOW,0,186,0
_RTS123,0,104,0
mwam1993,0.001022841,94,1
AmbassadorRice,0.001022841,94,1
jay92683100,0,186,0
teresar33180023,0,186,0
jhaleyj56,0.001022841,89,1
patrickbetdavid,0.001022841,89,1
bobbibillz,0,186,0
ElizAKByrd,0,186,0
JeanineWiernik,0,186,0
boysha,0,186,0
NanapushOjibwa,0,186,0
tstromsk,0,186,0
JohnDee63999880,0,95,0
jornee99,0,186,0
UnrulyMachete,0,186,0
waynevan2000,0,186,0
mfmqazi,0,4,0
dawalf,0,201,0
SvenHatch,0,1,0
Calvin60208784,0,201,0
Camil_Son,0,186,0
Inn_Unknown,0,96,0
2sitwat1,0,186,0
Bob94657759,0,186,0
triciajunew,0,186,0
liberty_fightr,0,186,0
KimberlyMcClark,0,186,0
illuminating13,0,186,0
emery_steve,0,186,0
chevygrl6820021,0,186,0
timeisnow1111,0,186,0
galestorm_sc,0,97,0
Thomas1774Paine,0.001022841,97,1
bityodel,0,1,0
jolovescandles,0,68,0
Tamralee123,0.001022841,98,1
seaturtlegirl1,0,186,0
babalucy,0,186,0
JOmega64019597,0,68,0
FlaRhps,0,68,0
Truthseeker956,0,186,0
FlyingEagle555,0,186,0
ScorpioJ86,0,186,0
SnowWhite7IAM,0,68,0
scottgasaway,0,186,0
kindamuslim,0,186,0
Falk50793200,0,4,0
DocMeehan,0,186,0
summerfieldpatr,0,186,0
Kelliann6169,0,186,0
Patriqtscott,0,186,0
TeamUpRGC,0,186,0
patriotlady777,0,99,0
JimericanTweets,0.001022841,99,1
stitthappens,0,100,0
sunnshiiny,0.001022841,100,1
winwin4all,0,1,0
ShannonDCGarret,0,186,0
kevharn,0,186,0
amy_facchinello,0,186,0
Turkilo4,0,186,0
debweb133,0,4,0
SharonO56858399,0,186,0
GovMikeHuckabee,0.001022841,172,1
LevinTV,0.001022841,172,1
2cents4apenny,0,201,0
lisa_scibek,0,186,0
mc_hugh20,0,186,0
MooseMan1956,0,172,0
LegendaryEnergy,0.001022841,186,1
LDagFrisk,0,186,0
RobertW46559984,0,101,0
tylenol,0.001022841,101,1
GratefulBill,0,186,0
TheTicTockMan,0,186,0
TheresaLaRock,0,186,0
paulcrusemusic,0,1,0
m_montuori,0.001022841,172,1
KatherineTeine1,0,186,0
KJ57025370,0,102,0
Annakhait,0.001022841,102,1
lp4392,0,186,0
blustanley,0,186,0
NavedJafri_BOO,0,4,0
Richardfci,0,1,0
photoking63,0,186,0
Hopeisfree11,0,186,0
AdamPerryLang,0.001022841,103,1
Kyle12991793,0,172,0
cherpstravel,0,186,0
kensimonds11,0,186,0
KluckSl,0,111,0
VeraArm38940796,0,186,0
rubbyblueblue,0,186,0
IvankaTrump,0.001022841,1,1
kjon1234561234,0,1,0
patsworldnews,0,186,0
KateShemirani,0.001022841,7,1
Julian57110360,0,95,0
angrycanuck3,0,186,0
paulderby11,0,1,0
MultifamilyAce,0,186,0
Prayingrosary,0,89,0
robertrobq,0.001022841,1,1
laurabona,0.001022841,1,1
tseaandland,0,1,0
CyrusVii,0,105,0
PROTARGA,0.001022841,105,1
jstigall98,0,1,0
ElviraJey,0,186,0
shiatsushaman,0,1,0
RLibtards,0,186,0
dondeago14,0,186,0
mikes0205,0,186,0
cwarden1,0,186,0
tammiepipgras,0,186,0
sixduice,0,186,0
krucialnuera,0,106,0
BaronDestructo,0.001022841,106,1
marnoldlv,0,1,0
Beverly4,0,186,0
sheryl91125788,0,186,0
Alinherts,0.001022841,107,1
MrMasonMills,0.001022841,107,1
NC_Governor,0.001022841,108,1
SecMandyCohen,0.001022841,108,1
TammiAEdwards,0,109,0
SheilaHolm,0.001022841,109,1
SirBata,0,186,0
emechler,0,186,0
Watchman61088,0.001022841,110,1
BeholdIsrael,0.001022841,110,1
nancysch5,0,186,0
tazerjes,0,186,0
lynnettemarie14,0,186,0
KDNlovesGod,0,186,0
justsayes,0,186,0
PatriciaOvsian1,0,117,0
BaddCompani,0.001022841,111,1
BNALady,0,186,0
maddow,0.001022841,186,1
mgilani9,0,186,0
Roger17126346,0,112,0
FMesstm,0.001022841,112,1
kmmcnabb_phd,0,89,0
liarDonaldTrump,0.001022841,172,1
miriwood,0.001022841,113,1
Ian56789,0.001022841,113,1
babe_freedom,0,186,0
RealNiteWatcher,0,186,0
valleenie,0,186,0
NickWat09828106,0,1,0
DonnaLavin7,0,186,0
jim_desmond,0.001022841,114,1
dianne_jacob,0.001022841,114,1
bill81487775,0,115,0
globalnewsto,0.001022841,115,1
Janis20550455,0,186,0
christakamga,0,64,0
patriotborn000,0,7,0
nypost,0.001022841,117,1
TOPKristopher,0,118,0
GrottoSteven,0.001022841,118,1
HA_Djursland,0,186,0
loohye,0,186,0
FreedomWillCost,0,119,0
j082298,0.001022841,119,1
la2jbay,0,186,0
babylon_cat,0,186,0
wlsfargo,0,186,0
michelletickell,0,89,0
48TrumpGirl,0,186,0
chia15e,0,186,0
Silentmorning90,0,186,0
kevin01012506,0,186,0
ncmaybelle,0,186,0
GodAwfulMovies,0.001022841,120,1
Noah_Lugeons,0.001022841,120,1
MethvinAmy,0,186,0
nuttnuttstandr1,0,186,0
APankowicz,0,186,0
Aulstrue,0,186,0
AaronJ34633889,0,89,0
GramkaKelly,0,89,0
BJoyMcG,0,186,0
sklauber1953,0,89,0
lgfocus,0,14,0
ColtStock,0,121,0
schwabbbbbb,0.001022841,121,1
barrykind,0,186,0
gracoeeee,0,186,0
DeePink19924837,0,186,0
ola_juliussen,0,186,0
Acadiansheperd,0,186,0
h_shawnda,0,186,0
DavidHi00188396,0,122,0
drandall47,0,186,0
scottrogers1972,0,186,0
Kweltin,0,186,0
geiger_les,0,186,0
nrsflgd04,0,186,0
Boluxd420,0,186,0
magiclg7,0,186,0
YouTube:,0.001022841,186,1
ChrisLaPalme1,0,1,0
Gaytheist4,0.001022841,123,1
wjz,0.001022841,123,1
JoanneJema,0,201,0
john_sipher,0.001022841,124,1
NatSecLisa,0.001022841,124,1
tabbkitty,0,186,0
DavidIa98766513,0,125,0
IGROWMYOWN1,0,126,0
Tony__Heller,0.001022841,126,1
Wayne952,0,67,0
MartinaCartwri2,0,186,0
joni46231,0,186,0
Uranian39,0,155,0
MPrancer,0,186,0
Rue0708RT,0,129,0
AmiesOutTheBox,0,186,0
lloyd4man,0,186,0
sherze1,0,186,0
GuidaRick,0,186,0
RubberD91792492,0,186,0
kambi_nassir,0,7,0
k2mcintosh,0,81,0
RubyStone1951,0,7,0
briancowper,0,186,0
EarthsAngel555,0.001022841,130,1
EntheosShines,0.001022841,130,1
PatriciaEagle,0,131,0
nancymae11,0,186,0
jklewis71,0,186,0
hillbilly0408,0,186,0
DanielKalisz3,0,186,0
tatreeves63,0,201,0
timetravelStu,0.001022841,137,1
DebiKrause20,0.001022841,137,1
Spin_Assassin,0.001022841,64,1
Qwarrior15,0.001022841,64,1
spenc_burk,0,186,0
common,0.001022841,132,1
RepAOC,0.001022841,132,1
truthseeker565,0,186,0
CoillteKern,0,95,0
EmeraldRobinson,0.001022841,7,1
SallyGirlUSA,0.001022841,7,1
MichaelBendall7,0,186,0
CactusFlower_1,0,186,0
luvbecstyle,0,83,0
robiflorea03,0,186,0
cafe_health,0,133,0
MB58882304,0.001022841,133,1
SZKUSA,0,186,0
zampij,0,186,0
Tami718,0,186,0
JanSilverMaple1,0,186,0
SarahLuvsJames,0,186,0
jinxkies,0,134,0
WCVB,0.001022841,134,1
saoirse_alainn,0,186,0
michiganprobz,0.001022841,135,1
SenGillibrand,0.001022841,135,1
MoveOn,0.001022841,135,1
JoeNBC,0.001022841,135,1
TheDemCoalition,0.001022841,135,1
LBInani,0,186,0
Kellytheoillady,0,186,0
neuro7plastic,0,186,0
RitaPanahi,0.001022841,136,1
pantomath__,0.001022841,137,1
JeffreyGuterman,0.001022841,137,1
gruntledmomma,0,131,0
IanKRussell1,0,186,0
Shopgirl4592,0,186,0
Kimberl79670658,0,186,0
hummingbird5225,0.001022841,117,1
roszrumour,0,82,0
s_kupp,0,201,0
gina122963,0,186,0
usmade1001,0,186,0
JSweetz09,0,186,0
FLOTUS⁩,0.001022841,83,1
greggutfeld⁩,0.001022841,83,1
JesseBWatters⁩,0.001022841,83,1
dagenmcdowell⁩,0.001022841,83,1
gal1962,0,186,0
HpTombstone,0,186,0
WaitingLord,0,186,0
T3MAN_72,0,62,0
JmWatty4,0,186,0
meurso64,0,186,0
M_Douglass64,0,186,0
jdmiles11,0.001022841,117,1
SidneyPowell1,0.001022841,117,1
JoWazzoo,0,155,0
RockNRoll761,0,186,0
rue0708,0,129,0
countyguard,0,186,0
WendyPa37526581,0,186,0
BabycakesCarol,0,186,0
cmcintosha903,0,186,0
TuriusUSA,0,186,0
Adi1980123,0,139,0
ScottMorrisonMP,0.001022841,139,1
christyw884,0,186,0
KelhoonMclugnut,0,186,0
OlscampPam,0,186,0
EllieMaeOutWest,0,140,0
Rick_Pescatore,0.001022841,140,1
Collinson_SNL,0,186,0
Mary65264888,0,186,0
salazmic,0,186,0
AnneReedy8,0,186,0
DUPDAWG,0,186,0
pazos_marsha,0,186,0
Lpoolfc007,0,186,0
KaziKearse1,0,186,0
mullins10_kevin,0,4,0
sabreaxe,0,186,0
aronthefirst,0,186,0
sarah_saf111580,0,186,0
BC_ChattTN,0,186,0
JoyceAMRa,0,141,0
FrankRizzo7777,0,186,0
tracy04801909,0,142,0
DrNicoleM,0.001022841,142,1
Leelee13207832,0,1,0
janericbrand,0.001022841,68,1
StefanNovaa,0.001022841,68,1
ColinGRoss,0,186,0
KLouie70,0,144,0
RedBird74003923,0,186,0
DaveeEPayne,0,186,0
rrrrsmith151,0,1,0
stinamariaxo,0.001022841,145,1
NatashaHynes,0.001022841,145,1
ouchinagirl,0,186,0
IreDixx,0,186,0
LadyLibertyInEx,0,186,0
PMNOrlando,0,186,0
Tuuksy,0,131,0
maniseku,0,155,0
rni2137,0,186,0
LillianKrajenka,0,186,0
SethWillson,0,186,0
EuniceCoughlin,0,186,0
JanetByrnes10,0,186,0
MrWheelGun,0,186,0
flygirl45629184,0,157,0
pat_pperkins,0,186,0
Fl0nk5,0,186,0
sjoycemichel,0,186,0
Q172018,0.001022841,68,1
KaraMar111,0,186,0
RichCowe,0,4,0
Gail94095105,0,1,0
Come_On_Ground,0.001022841,201,1
apathystinks,0.001022841,201,1
shannshaann,0.001022841,201,1
Dinkeldash,0.001022841,201,1
Terio818,0.001022841,201,1
EWJLang,0.001022841,201,1
Cracken257,0.001022841,201,1
cristipaton66,0.001022841,201,1
tvitzer,0.001022841,201,1
Thes415,0,186,0
ChrisTheBantam,0.001022841,42,1
sylviatella1,0,186,0
Alice87586912,0,186,0
DoeDierzaam,0,147,0
LondonRealTV,0.001022841,147,1
432XRP,0,186,0
MissyJo79,0,186,0
justwatchingHEN,0,186,0
Jahovaboy,0,186,0
Canna_Gramma,0,186,0
KeithSelin,0,186,0
GBaddmann,0,186,0
criminaldream,0,63,0
scottste7,0,186,0
QARSupplies,0,186,0
cyn22292096,0,186,0
trailingnumberz,0.001022841,7,1
stevevr612,0,186,0
jcballard3,0,186,0
ringtheoryLOTR,0,186,0
stan_wolff,0,7,0
MBarns1,0,186,0
snowbunnie2,0,186,0
BoSnerdley,0.001022841,148,1
CBSNews,0.001022841,148,1
hairybird45,0,186,0
kang_kyundae,0,149,0
YouTubeさんから,0.001022841,149,1
313Bentley,0,1,0
disgruntledtrkr,0,186,0
smeye7,0,186,0
RealDonaldTrump,0.001022841,186,1
tim_mangia,0,186,0
FreeUs551,0,29,0
Navy_Lady_45,0.001022841,63,1
JordynTrump1,0.001022841,63,1
Destiny3650,0.001022841,63,1
gonepecan11,0.001022841,63,1
OnlyGod4ever,0.001022841,63,1
texsundancer,0.001022841,63,1
PennyleIFB,0.001022841,63,1
darylnelson01,0.001022841,63,1
White2to4,0.001022841,63,1
ari_russian,0.001022841,63,1
TrumpsPitBull,0.001022841,63,1
Tracie0313,0.001022841,63,1
USAloveGOD,0.001022841,63,1
tr15haw,0,64,0
VP⁩,0.001022841,83,1
MarkMeadows⁩,0.001022841,83,1
seanhannity⁩,0.001022841,83,1
TuckerCarlson⁩,0.001022841,83,1
LouDobbs⁩,0.001022841,83,1
ColletteGuinn,0,186,0
Jilleroo_Jo,0,1,0
labsmanfromPA,0,151,0
shanett11,0,152,0
SalMoanella1,0.001022841,152,1
liquidlaugh,0.001022841,155,1
Donnam8470Donna,0.001022841,155,1
ChuckGrassley,0.001022841,155,1
The_RealTruth18,0,186,0
cayce0312,0.001022841,117,1
jo4freedom,0.001022841,117,1
StevenBoone2007,0,186,0
Gregabbott,0.001022841,153,1
MarkGuraCA,0.001022841,154,1
deepgreenphilly,0.001022841,154,1
Gonz67Ricky,0.001022841,154,1
camilateleSUR,0.001022841,154,1
ajitxsingh,0.001022841,154,1
english_poet,0,186,0
GmaKassie,0,186,0
LisaBagby2,0,1,0
moniqueroffey,0,4,0
nubstb,0,186,0
TheLigh01318487,0,186,0
Gmeister7,0,186,0
zeusFanHouse,0,186,0
FrancesannMaga,0,1,0
VickyHo23238092,0,186,0
BondFire16,0,186,0
CASSolutions1,0,131,0
parscale,0.001022841,1,1
Lrihendry,0.001022841,1,1
TGowdySC,0.001022841,1,1
blazeylady14,0,29,0
llbbsmith,0,4,0
harter_sandra,0.001022841,156,1
HouseDemocrats,0.001022841,156,1
LibDems,0.001022841,156,1
SenateDems,0.001022841,156,1
DesignIhristov,0,186,0
02fatboy24,0,186,0
EricSteeleLive,0,186,0
TouzelBruce,0,186,0
JennieB65680068,0,14,0
EMercador,0.001022841,157,1
jsatz23,0.001022841,157,1
MattWalshBlog,0.001022841,158,1
PatriarchyWife,0.001022841,158,1
million225,0,186,0
rodney_ochsner,0,186,0
stanton_sue,0,186,0
Liquid_Dystopia,0,186,0
RobM777,0.001022841,160,1
TheRISEofROD,0.001022841,160,1
gigidtexas,0,186,0
KatKarma5,0,186,0
alexandsandca,0.001022841,161,1
alrajul,0.001022841,161,1
snedenslanding,0.001022841,161,1
KXAN_News,0.001022841,161,1
RoeMasterNYCity,0,162,0
Girls_philly,0.001022841,162,1
dougducey,0.001022841,1,1
foxandfriends,0.001022841,1,1
kevinbgcntry,0,186,0
iLiveSmart,0,186,0
benge_isabelle,0,186,0
carly17150063,0,186,0
ekdeplorable,0,186,0
eavesdropann,0,186,0
letsfinishthis7,0,186,0
JShamison,0,163,0
Vitalintegrity,0.001022841,163,1
EpicDaArteast,0,186,0
HamricScott,0,1,0
brains4use,0.001022841,63,1
okiecop332,0,186,0
paigeefenner,0,186,0
Travis81456372,0,186,0
martha5779,0,186,0
gelinasrobert,0,186,0
slee7474,0,172,0
meixey,0,81,0
JDizzleSunnyD,0,186,0
SteveSchmidtSES,0.001022841,1,1
ProjectLincoln,0.001022841,1,1
Letshangboutiq,0,186,0
mshson,0,186,0
telosa3,0,186,0
Target_Belize,0,186,0
MrJeffSargent,0,186,0
CarrieEstate,0,186,0
lukerosiak,0.001022841,117,1
janismclaren1,0,81,0
thedillwavis,0,165,0
delbigtree,0.001022841,165,1
Prana4Love,0,29,0
sdministry,0,186,0
PrincessKgs,0,186,0
DoctorsWhoRock,0.001022841,1,1
realNDWalsch,0.001022841,1,1
KwalWalker1,0,186,0
luna34973222,0,141,0
fukoffimdancing,0,186,0
margmulc12,0,29,0
Trudy54822073,0.001022841,155,1
GCofeve,0,44,0
itrusthim4ever,0,186,0
LawsEris,0,172,0
cnolte27,0,186,0
JVRJewels,0,144,0
tgby7j7r4r4fc,0,186,0
Hassaan77495371,0,166,0
Quranic_Islam,0.001022841,166,1
SKC1958,0,155,0
suzygard10,0,186,0
danikpear,0,186,0
Todd_Mattson,0,186,0
FordDar,0,64,0
MaryLong1969,0,186,0
BharatM65368538,0,186,0
HeleneAnn269,0,186,0
Free_AmericaUSA,0,167,0
ryanstruyk,0.001022841,167,1
annerose4444,0,186,0
leskudladotcom,0,186,0
CynthiaAlyene,0,186,0
eathealthylive,0,186,0
davanii777,0,186,0
Clarc,0,186,0
jesp54,0,131,0
rebinmedford,0,186,0
Carla_n_Migo,0,186,0
goldste57881662,0,104,0
BILLSIGNORILE,0,186,0
sunnywray,0,4,0
FoxxEdward,0,168,0
nyybritt,0.001022841,168,1
rain_send,0,169,0
chrisbergpov,0.001022841,169,1
AHawker3,0,89,0
HarryTackett,0,186,0
sundancr56,0,186,0
Hispatgirl,0,186,0
DanScavino,0.001022841,155,1
Peepmom1,0,186,0
linading79,0,186,0
GovInslee,0.001022841,186,1
jmshefferz71,0,186,0
freakdujour,0,186,0
Jack,0.001022841,170,1
TwitterSupport,0.001022841,170,1
TruthLo35783893,0,186,0
Wyn1745,0,186,0
PatriotsSoapbox,0.001022841,155,1
intheMatrixxx,0.001022841,155,1
RickTrail,0,186,0
Suzanne44208,0,186,0
maureenross1964,0,186,0
ZOOFLEET,0,1,0
QasimRashid,0.001022841,171,1
subvoyeur,0.001022841,171,1
VolowskiAnne,0,172,0
ShawnG927,0,186,0
L_A_Baker,0,186,0
swamijohn,0,75,0
W98556374,0,186,0
CSamson44182786,0,173,0
ThinkLogic0215,0,186,0
lesli37354427,0,186,0
ElijahYahuah,0,4,0
Kitty7679,0.001022841,174,1
kim_murrell,0.001022841,174,1
stampgin,0,186,0
ACKAY81,0.001022841,7,1
GazinkleNut,0,172,0
CarieCl64734318,0,186,0
OfferdahlRich,0,186,0
KikiColorado,0,186,0
nstygator77,0.001022841,172,1
RealJackGillies,0.001022841,172,1
97TRUTHSEEKER,0,186,0
AuthorAIJacob,0,186,0
Prov31misses,0,186,0
I_Secede,0,29,0
mairdee0211,0,68,0
US_of_A_1st,0,186,0
Ross_Cappy,0,7,0
jwgofor,0,189,0
Lukas61899867,0,186,0
SpiritandT,0,75,0
KevinKi89841635,0,186,0
marcjbrooks88,0,186,0
storinicole12,0,186,0
keno111,0,186,0
NinaR1954,0,186,0
P4tR10tBoo,0,186,0
BillH1059,0,186,0
Leland54111836,0,186,0
Annfollowstruth,0,29,0
nickjroymba,0,176,0
ckchumley.,0.001022841,176,1
baalter,0,186,0
tiller_sue,0,68,0
hendogbrown,0,186,0
LouFossessca,0,186,0
harryjsmallwood,0,186,0
wally5757,0,68,0
mrenvironment,0,186,0
FlyingOFamily,0,131,0
BourdinFred,0,186,0
bmurray1017,0,177,0
KySportsRadio,0.001022841,177,1
Fallkey,0,186,0
Lnr57,0,201,0
RebelSister81,0,29,0
KerryHotard,0,186,0
MAGAPippage,0.001022841,68,1
tom12983,0,4,0
flatfeeet,0,186,0
anne_lowry,0,186,0
DeplorableinPDX,0,186,0
Christwithay_71,0,186,0
GregSalter2,0,178,0
StephenMcNeil,0.001022841,178,1
Fuzzy131277,0,7,0
rexxurection⁩,0.001022841,83,1
AndrewCMcCarthy⁩,0.001022841,83,1
Brianinfidel,0,186,0
ValkyrieSigrid,0,155,0
darbabes,0,68,0
velocityav8r,0,186,0
trumptrain1111,0,186,0
booklady2002,0.001022841,179,1
ABC,0.001022841,179,1
OwlsFanSWFC,0,186,0
uspatriotmomma,0,186,0
Victoria01019,0,186,0
rdalejr3,0,70,0
kate_awakening,0.001022841,1,1
IPOT1776,0.001022841,1,1
OnEdgeOfWonder,0.001022841,1,1
SaRaAshcraft,0.001022841,1,1
uniquebarry,0,104,0
harparbo,0,180,0
dbongin,0.001022841,180,1
mpetrus19,0,186,0
DebHawn,0,1,0
Intuition412,0,104,0
Souther77581790,0,186,0
Louise94722429,0,186,0
MARISON117,0,181,0
cleaveland430,0.001022841,181,1
realtor444,0,182,0
joshtpm,0.001022841,182,1
CherCee59,0,29,0
InfidelChris,0,186,0
NYCMayor,0.001022841,104,1
dopeyandopey,0,186,0
twin4truth,0,186,0
dejan_lukic,0,186,0
smarty7099,0,186,0
MarcelZLena,0,173,0
MICHAELJBRUNING,0,186,0
patsytharp1968,0,68,0
mvp33,0,186,0
BarbaraStrudel,0,186,0
vinciroco,0,186,0
dgribble54,0,186,0
ShirleyChamp45,0,186,0
Lauren_TXUSA,0,153,0
chabbsuk,0,186,0
arlenparsa,0.001022841,183,1
trustnbtc,0.001022841,183,1
Adamadamant1111,0,7,0
bopainter,0,186,0
RealJohnDennis,0.001022841,184,1
RepMattGaetz,0.001022841,184,1
UpTime2wake,0,186,0
joanlady777,0,186,0
amyeric90649486,0,186,0
TNdunge,0,186,0
4djt2016,0,186,0
HalLiznick,0,185,0
rdrhwke,0.001022841,185,1
Gracefullyric7,0,186,0
MandyRae1977,0,1,0
IdRatherQuilt1,0,186,0
GutteridgeLinda,0,7,0
BeachJunkie67,0,186,0
daiquiririchard,0,186,0
Preciou20225606,0,186,0
cville_shezza,0,155,0
Scratchboss,0,44,0
HighWireTalk,0.001022841,186,1
ivantchyass,0,186,0
SecretaryCarson,0.001022841,1,1
monstro_fan,0,186,0
MichellevanVul1,0,186,0
LyndaAtchison,0,186,0
KimSueQ,0,186,0
cofveve61,0,186,0
adeyspadey,0,7,0
mirna720,0,186,0
happylittleb99,0,72,0
JbOverstreet,0,68,0
KathySamira,0,4,0
Harrystyles2441,0,186,0
MajorGinette5,0,186,0
DvonAlba,0,186,0
JoanHathaway,0,186,0
Christoyo142,0,186,0
anthillanons,0,186,0
davidpaulyoung,0,187,0
adamcurry,0.001022841,187,1
Evelyn47748832,0,186,0
2006sporster,0,186,0
KMischka,0,186,0
369JR_,0,186,0
mizoji,0,188,0
Cuty14078161,0.001022841,188,1
keepitgreat3,0,186,0
Grand7Surgeon,0,129,0
Kecorp,0,186,0
Flutterbug2222,0,186,0
ON_Ageless,0,186,0
uoregon,0.001022841,189,1
truessencegypsy,0,186,0
canamom,0,186,0
CarlaEd74880617,0,186,0
pattithered,0,186,0
metz_chance,0,190,0
GovMikeDeWine,0.001022841,190,1
GinnyHm1,0,186,0
amanda_hende,0,4,0
GwenCollins1,0,186,0
bobbiegirl420,0,186,0
TippenTheScales,0,186,0
MariaHaslam1,0,186,0
bell_flowerr,0.001022841,1,1
deezaster10,0.001022841,1,1
garysznn,0.001022841,1,1
K12Learn,0.001022841,1,1
bebest4ever,0,186,0
AndrasArk,0,186,0
Leroy85139288,0,29,0
betenoir143,0,191,0
AnthemRespect,0.001022841,191,1
Hopingurok,0,186,0
slusarczyk_s,0,186,0
jeromedalyofs,0,186,0
hankentwhistle,0,186,0
FCathye8,0,186,0
thenadakai,0,192,0
dudenamedACE,0.001022841,192,1
ukneeds,0,186,0
MrDgen,0,186,0
MTCali70,0,186,0
ElaineH15563424,0,193,0
VerumRadix⁩,0.001022841,193,1
stewartab,0,186,0
4RGod2,0,68,0
MarcusIII3,0,186,0
Kate82253179,0,186,0
martinubedizzy,0,186,0
scubatim3,0,186,0
whtrob,0,186,0
DailyMail,0.001022841,35,1
TheDrowler,0,186,0
CosmoProLife,0,194,0
SenJohnKennedy,0.001022841,194,1
aussie_smitty,0,186,0
BetterLife365,0,195,0
KenningtonPress,0.001022841,195,1
InMyOpWULION,0.001022841,196,1
ProRelegaTed,0.001022841,196,1
RNCResearch,0.001022841,196,1
HalWilliams7,0,186,0
dcbsky,0,186,0
ChloeSalsameda,0.001022841,68,1
Kerrie_kk05King,0,19,0
Zeckendorf12,0,186,0
AuroraMara7,0,186,0
Patriot4461,0,197,0
NewsAlternative,0.001022841,197,1
actnfth,0,186,0
deborah_kuhl,0,186,0
HerbanGardener,0,186,0
AnonKyoo,0,186,0
Wise75937954,0,104,0
Sean_Hyman,0,186,0
MathewsShorts,0,19,0
Queenoftheunse1,0,198,0
kingkurtus,0,186,0
txtruthseeker7,0,186,0
supernovamarie,0,25,0
jodifor61794742,0,172,0
Laurie_LeBlanc,0,199,0
AngrierWHStaff,0.001022841,199,1
jo_siddle,0,186,0
Katecar84611017,0,131,0
jasonmarczak,0,186,0
MarieannMonn07,0,186,0
PeggyDRodgers,0,186,0
julzzz1965,0,200,0
EvanAKilgore,0.001022841,200,1
aron_alee,0,186,0
OHall1352,0,68,0
Nadia_hopppe1,0,63,0
HyltonRobin,0.001022841,201,1
an2stand,0,186,0
Dustau,0,7,0
radiantexplorer,0,186,0
MWhite0523,0,202,0
HealthyFla,0.001022841,202,1
ELLEinfinity,0,186,0
wildbirdplus,0,186,0
EricRMcPherson,0,203,0
pandorsmouth,0.001022841,203,1
HankCookieRich,0,186,0
DavidHo71425843,0,186,0
levsyl,0,125,0
patty1977_C,0,68,0
GTolbert9,0,151,0
joabei11,0,186,0
copywriterxpert,0,186,0
NotLeftyApprove,0,1,0
alpharbnmatlock,0,186,0
CarmenFronapfel,0,186,0
commandingreal1,0,186,0
Vision_Launch,0,68,0
KarenKareval,0,186,0
Kiblets,0,186,0
JakobsonKathy,0,186,0
KAGMan4E,0,7,0
neil_ferguson,0.001022841,204,1
JuliaHB1,0.001022841,204,1
Telegraph,0.001022841,204,1
fun2bwif,0,186,0
chriswa06970560,0,186,0
travelingpants4,0,89,0
HeadlineJuice,0,117,0
madassali,0,186,0
Kim45824440,0,186,0
Marshall_H15,0,186,0
DanRealquick,0,186,0
PresuttiJesse,0.001022841,1,1
StephC_Warrior,0,186,0
LarsCarlstrom1,0,4,0
breezyvibe,0,205,0
geraldcelente,0.001022841,205,1
Pray4theU,0,206,0
GovLarryHogan,0.001022841,206,1
Toucherandrich,0.001022841,186,1
timredgrave,0.001022841,35,1
MartinLarner,0.001022841,35,1
AvidInquirer,0.001022841,35,1
HarryKennard,0.001022841,35,1
hairymarx1,0.001022841,35,1
keiranp_13,0.001022841,35,1
turbograndad65,0.001022841,35,1
TAG73957257,0.001022841,35,1
mrhudsonisace,0.001022841,35,1
AlfMegoa,0.001022841,35,1
JonJonesSnr,0.001022841,35,1
LittleBirdy22,0.001022841,35,1
NeuroNerd78,0.001022841,35,1
CherylBoruszko,0.001022841,35,1
InProportion2,0.001022841,35,1
SaraCarterDC,0.001022841,63,1
JohnCornyn,0.001022841,63,1
mamaardra,0,186,0
LeeAyers71,0,186,0
Twitter,0.001022841,81,1
JeanWoj,0,186,0
DameofDichotomy,0,186,0
jevjon,0,207,0
Fushababyy,0,186,0
DeanPalladino,0,186,0
nickmyer,0,198,0
woodrowdrobert,0.001022841,104,1
NMaga2020,0,186,0
SonyaLeeSimons1,0,186,0
WMaga2020,0,186,0
KellyRobin9,0,186,0
RhondaG78772272,0,186,0
GailNie86965461,0,207,0
domino77767,0.001022841,104,1
ZonierToole,0,68,0
Dellaro53724991,0,186,0
PatriotGirlUSA2,0,22,0
Dimaio,0,186,0
sunhay2000,0,186,0
Peter58452732,0,186,0
al_gdla7ba,0,104,0
w_terrence,0.001022841,1,1
TheRightMelissa,0.001022841,1,1
DrOz,0.001022841,1,1
BrittBr24099486,0,186,0
Christi97445615,0.001022841,172,1
linuxhippie,0,186,0
NordnessS,0,117,0
Mchomeopath,0,186,0
FernandoFarmero,0,186,0
Hillyea,0,186,0
AndyHammers,0,208,0
chrisbrexitwto,0.001022841,208,1
MariaRychtarik,0,89,0
rusty_blackwood,0,186,0
R_the_explorer,0,186,0
chrisr3id,0,186,0
xoxo_biancaboo,0,186,0
JLJankesh,0,4,0
sportsfan_james,0,207,0
sned99,0,186,0
SirFazer,0,186,0
1healthylady,0,186,0
Thedecatone,0,186,0
FutureTenze,0,186,0
maima_zuzu,0.001022841,1,1
AWI_Trading_co,0.001022841,1,1
angelicfaith4u,0,186,0
qin5d,0,186,0
BTCTugBoat,0,209,0
scottmelker⁩,0.001022841,209,1
carynholt,0,186,0
CalFireDAS,0,186,0
ASE_OPS,0,66,0
truthserum4all,0.001022841,117,1
liltilgerlil,0.001022841,117,1
RedPilledisBACK,0.001022841,117,1
AmericAnon57,0.001022841,117,1
RedDragonFly19,0.001022841,117,1
EYEDROPMEDIA,0.001022841,117,1
robin_ked,0.001022841,117,1
donnie_maga,0.001022841,117,1
XHawk80,0.001022841,117,1
DRottiemom,0.001022841,117,1
bbl58,0.001022841,117,1
tanksmom2000,0.001022841,117,1
WWG1WGA,0.001022841,117,1
hollylandes,0.001022841,117,1
BPPope,0.001022841,117,1
GregoryJHall1,0.001022841,117,1
QArmyInfo,0.001022841,117,1
HEAVENSARMY4,0.001022841,117,1
TrumpCanuck,0.001022841,117,1
ncdhhs,0.001022841,117,1
sjreidinc1,0,186,0
cloudrocket1,0,4,0
FloBo2018,0,68,0
dajorivision,0,186,0
LLecker,0,186,0
mikedigi7,0,186,0
incajashen,0.001022841,210,1
dubsndoo,0.001022841,210,1
rockcitymark,0.001022841,210,1
sosoza15,0,68,0
BrunoLeMaire},0.001022841,211,1
BillGates}.,0.001022841,211,1
tinamdefreitas,0,186,0
P_Gootree,0,186,0
molino_brian,0,186,0
FozzyBear2020,0,186,0
enyiah_j,0,186,0
DP_Adams,0,212,0
JackPosobiec,0.001022841,212,1
Luigi09131700,0,213,0
CTGOP,0.001022841,213,1
Phantom_M61A1,0,186,0
Mermaiden13,0,186,0
ColdSteel1863,0,186,0
tfarber4,0,186,0
USA12345678USA,0,155,0
OC_Expat,0,214,0
PamelaGeller,0.001022841,214,1
FordKarenb1008,0,186,0
ProjectThree2,0,186,0
ATTeCademy,0,186,0
titoortiz,0,186,0
TheHeatherPeter,0,96,0
shaneman007,0,186,0
JillWoodford,0,186,0
Reedsverloren,0.001022841,215,1
wmiddelkoop,0.001022841,215,1
OrbimusPrime,0,186,0
boogittyboo,0,186,0
ninactan,0,186,0
Qmove4T,0,186,0
Kaya7218,0,186,0
inkonpaper01,0,186,0
carolcrudodunba,0,186,0
carlisle5599,0,186,0
Coachbizzz08,0,207,0
MJoanna69,0,104,0
USAFreedom321,0,207,0
MattPurple2,0,186,0
Publishquest,0,186,0
ladyabosso,0,186,0
JoPetersen14,0,186,0
YouthfulD73,0,4,0
KariTeel,0,186,0
look4good07,0,207,0
lasertechusa,0,186,0
LMDLasVegas,0,186,0
_DigitalSoldi3r,0,186,0
51LouShelly65,0,207,0
DrJudyAMikovits.,0.001022841,68,1
schuetz444,0,186,0
wilsonpatx,0,186,0
yportbill,0,92,0
servant_777,0,186,0
JDHenry95456555,0,186,0
riothegrande,0,7,0
AcumenReport,0,42,0
Covfefe2Q2Q,0,186,0
theAquaElephant,0,186,0
lhenriquez7,0,186,0
FauciFan,0.001022841,81,1
KWIIKDM,0,186,0
deesulo,0,42,0
starkiron14,0,186,0
AseelBah,0,186,0
MagalyCaraball4,0,186,0
veriphile,0,186,0
michaelyianni3,0,186,0
sovereignllear,0,186,0
time2trade2,0,186,0
QliveEarth1,0,186,0
Diverstang,0,186,0
Nation8Sealed,0,186,0
hankstdenis,0,186,0
noleboy12,0.001022841,217,1
GovKemp,0.001022841,217,1
Phoebe_Putney,0.001022841,217,1
Polishmama5,0,68,0
Kmonine,0,186,0
MaronKingGaming,0,186,0
ericpbritt,0,186,0
CJMorgan333,0,186,0
MyDogIsCoffee,0,186,0
5467dieweg,0,186,0
AlbionsSeed,0,76,0
Sengaharas,0,1,0
inittowinit007,0,207,0
Pugh15Pugh,0,186,0
_hockeyStuff,0.001022841,218,1
dahbou,0.001022841,218,1
100Brexit,0.001022841,218,1
lor_star,0,186,0
itwasgod217,0,186,0
BeverlyBriscoe3,0,186,0
Missziggy,0.001022841,219,1
WodanenJ,0.001022841,219,1
America1stGal,0,186,0
MarieRutsky,0,186,0
piersmorgan,0.001022841,7,1
MattHancock,0.001022841,7,1
nealhugh,0,186,0
Qanon76,0.001022841,42,1
QAnon_Report,0.001022841,42,1
penneemw,0,186,0
koooski,0,186,0
SweetTInTexas,0,186,0
Nathanverbeke,0,186,0
SuperDaveFire,0,186,0
StevePieczenik,0.001022841,68,1
RealJamesWoods,0.001022841,68,1
CLewandowski_,0.001022841,68,1
Non_MSM_News,0.001022841,68,1
billstill,0.001022841,68,1
TonyUnplugged,0.001022841,68,1
DailyCaller,0.001022841,117,1
kenp94,0,186,0
Rickster_75,0.001022841,221,1
Debwrightjones,0.001022841,221,1
Azera92370676,0,186,0
IdolKristi,0,186,0
hayste13,0,186,0
proverbs_6,0,186,0
TransformNow2Q,0,186,0
Believe53582402,0,186,0
zuudswers,0,186,0
gumrock,0,186,0
TanyaFan2,0,186,0
commandos67,0,144,0
G_Brooks_Mom,0,4,0
Jagneaux15,0,186,0
chicagotribune,0.001022841,117,1
gatesfoundation,0.001022841,117,1
yesmam47,0.001022841,29,1
Exister0303,0.001022841,29,1
HowlerChimp76,0,186,0
Todd57396003,0,186,0
BrushPercy,0,7,0
pizmama,0,186,0
cdsg1973,0,186,0
SDempseyPhD,0,68,0
sealp88,0,186,0
dogsbcpeopleSuc,0,186,0
Kaelynpaaaige,0,186,0
philomathyjen,0,186,0
tr75tr,0,186,0
iloveJe72382234,0,186,0